,sample_name,length_of_each_load,number_of_loads,sum_of_length_of_each_load,mean_load_length,load_length_deviation,shrine_state,length_of_shrine_load_unload
0,magnesis_btb0_loaded.mp4,"[71, 5, 89, 37, 29, 6, 2]",7,239,34.142857142857146,34.343502885934484,0,2
1,magnesis_btb1_loaded.mp4,"[56, 4, 13, 72, 44, 9, 9, 31, 10, 3, 9]",11,260,23.636363636363637,23.68236781773616,0,9
2,magnesis_btb2_loaded.mp4,"[2, 2, 2, 2, 2, 2, 2, 2, 2, 2, 51, 2, 2, 2, 4, 2, 2, 75, 2, 40, 3, 15, 11, 9]",24,240,10.0,18.58236658302938,0,9
3,magnesis_btb3_loaded.mp4,"[21, 44, 13, 7, 120, 49, 8, 3, 28, 8, 12, 4, 2, 2, 11]",15,332,22.133333333333333,30.773055623076374,0,11
4,magnesis_btb4_loaded.mp4,"[60, 27, 7, 33, 75, 24, 17, 5, 18, 12, 2, 2, 5, 5, 16]",15,308,20.533333333333335,21.447166535021648,0,16
5,magnesis_btb5_loaded.mp4,"[62, 13, 85, 49, 6, 21, 3, 10, 6, 3, 8]",11,266,24.181818181818183,28.109849454659773,0,8
6,magnesis_btb6_unloaded.mp4,"[31, 14, 6, 21, 28, 69, 42, 5, 7, 12, 13, 4, 4, 2, 3, 9]",16,270,16.875,18.073461206974162,1,9
